<?xml version="1.0"?>

<ruleset name="GSE-PMD-Rules"
         xmlns="http://pmd.sourceforge.net/ruleset/2.0.0"
         xmlns:xsi="http://www.w3.org/2001/XMLSchema-instance"
         xsi:schemaLocation="http://pmd.sourceforge.net/ruleset/2.0.0 http://pmd.sourceforge.net/ruleset_2_0_0.xsd">
    <description>
        PMD-rules for GSE
    </description>

    <exclude-pattern>.*/module-info.java</exclude-pattern>



    <rule ref="category/java/bestpractices.xml">
        <exclude name="GuardLogStatement"/>

        <!--Usable with JUnit4, Project uses JUnit5 + AssertJ-->
        <exclude name="JUnit4SuitesShouldUseSuiteAnnotation"/>
        <exclude name="JUnit4TestShouldUseAfterAnnotation"/>
        <exclude name="JUnit4TestShouldUseBeforeAnnotation"/>
        <exclude name="JUnitTestContainsTooManyAsserts"/>
        <exclude name="JUnitAssertionsShouldIncludeMessage"/>
        <exclude name="JUnitTestsShouldIncludeAssert"/>
        <exclude name="JUnitUseExpected"/>
        <exclude name="UseAssertEqualsInsteadOfAssertTrue"/>
        <exclude name="UseAssertSameInsteadOfAssertTrue"/>
        <exclude name="UseAssertTrueInsteadOfAssertEquals"/>

        <!--Avoid Yoda-Style and NPE-Shadowing-->
        <exclude name="PositionLiteralsFirstInCaseInsensitiveComparisons"/>
        <exclude name="PositionLiteralsFirstInComparisons"/>

        <!--Don't avoid star-imports-->
        <exclude name="UnusedImports"/>


        <!-- Verstehen die meisten nicht... -->
        <exclude name="AccessorMethodGeneration" />
        <!-- richtiges Logging wäre zu viel -->
        <exclude name="AvoidPrintStackTrace"/>
    </rule>

    <rule ref="category/java/bestpractices.xml/SystemPrintln">
        <priority>5</priority>
    </rule>

    <rule ref="category/java/bestpractices.xml/MissingOverride">
        <priority>1</priority>
    </rule>

    <rule ref="category/java/codestyle.xml">
        <exclude name="AvoidFinalLocalVariable"/>

        <!--Could clash with Star-Import-->
        <exclude name="DuplicateImports"/>

        <!--Dosn't allow something like <SELF>-->
        <exclude name="GenericsNaming"/>

        <exclude name="LongVariable"/>
        <exclude name="OnlyOneReturn"/>
        <exclude name="AtLeastOneConstructor"/>

        <exclude name="UnnecessaryLocalBeforeReturn"/>

        <!-- CommentDefaultAccessModifier is used -->
        <exclude name="DefaultPackage"/>
    </rule>

    <rule ref="category/java/codestyle.xml/CommentDefaultAccessModifier">
        <properties>
            <property name="ignoredAnnotations" value="com.google.common.annotations.VisibleForTesting|android.support.annotation.VisibleForTesting|org.jetbrains.annotations.TestOnly" />
            <property name="regex" value="\/\*\s*(default|package)\s*\*\/" />
            <priority>5</priority>
        </properties>
    </rule>

    <rule ref="category/java/codestyle.xml/ControlStatementBraces">
        <properties>
            <priority>1</priority>
        </properties>
    </rule>

    <rule ref="category/java/codestyle.xml/ShortClassName">
        <properties>
            <property name="minimum">
                <value>3</value>
            </property>
        </properties>
    </rule>

    <rule ref="category/java/codestyle.xml/ShortVariable">
        <properties>
            <property name="minimum">
                <value>2</value>
            </property>
        </properties>
    </rule>

    <rule ref="category/java/codestyle.xml/ClassNamingConventions">
        <properties>
            <property name="utilityClassPattern" value="[A-Z][a-zA-Z]+(s|Utils?|Helper|Singleton)"/>
        </properties>
    </rule>

    <!--Allow more static imports - especially for tests-->
    <rule ref="category/java/codestyle.xml/TooManyStaticImports">
        <properties>
            <property name="maximumStaticImports">
                <value>15</value>
            </property>
        </properties>
    </rule>

    <rule ref="category/java/design.xml">
        <exclude name="LoosePackageCoupling"/>
        <exclude name="ImmutableField"/>
        <exclude name="LawOfDemeter"/>
        <exclude name="UseUtilityClass"/>
    </rule>
    <rule ref="category/java/design.xml/TooManyMethods">
        <properties>
            <property name="maxmethods">
                <value>25</value>
            </property>
        </properties>
    </rule>
    <rule ref="category/java/design.xml/DataClass">
        <priority>5</priority>
    </rule>


    <rule ref="category/java/errorprone.xml">
        <exclude name="JUnitSpelling"/>
        <exclude name="JUnitStaticSuite"/>
        <exclude name="TestClassWithoutTestCases"/>
        <exclude name="BeanMembersShouldSerialize"/>
        <!-- can't handle for-loops, https://sourceforge.net/p/pmd/bugs/1383/ -->
        <exclude name="DataflowAnomalyAnalysis"/>

        <exclude name="LoggerIsNotStaticFinal"/>

        <exclude name="UseLocaleWithCaseConversions"/>
    </rule>
    <rule ref="category/java/errorprone.xml/AvoidLiteralsInIfCondition">
        <properties>
            <property name="ignoreMagicNumbers">
                <value>-1,0,1,2</value>
            </property>
        </properties>
    </rule>


    <rule ref="category/java/multithreading.xml">
        <exclude name="UseConcurrentHashMap"/>
        <exclude name="AvoidUsingVolatile"/>
        <exclude name="DoNotUseThreads"/>
    </rule>


    <rule ref="category/java/performance.xml">
        <exclude name="RedundantFieldInitializer"/>
        <exclude name="SimplifyStartsWith"/>
        <exclude name="AvoidInstantiatingObjectsInLoops"/>
    </rule>



</ruleset>
